model,micro_f1_mean,micro_f1_std,macro_f1_mean,macro_f1_std,weighted_f1_mean,weighted_f1_std,hamming_loss_mean,hamming_loss_std,label_ranking_average_precision_mean,label_ranking_average_precision_std,threshold_mean_mean,threshold_mean_std
hybrid_quantum_svm_fusion,0.6229553126863124,0.07472960307329785,0.5849520077393706,0.024991826048699445,0.6449514380692455,0.03248741763463518,0.10313179643323185,0.04964359587427235,0.80450506554659,0.0268066694893894,0.4418181818181818,0.032524625127269675
tfidf_linear_svm,0.6085012342864511,0.05882415177666448,0.5639856195856072,0.03085292756861645,0.6360878501365946,0.03543996758712315,0.10574473373516435,0.037754596179416296,0.8056371842632952,0.0262224139909317,0.4490909090909091,0.026967994498529692
tfidf_logistic_regression,0.6219007066738464,0.058831779095338155,0.5629337943472893,0.05324820918361434,0.6256733365974281,0.05116269570950136,0.09666003852606724,0.019455672884112152,0.7989840673111352,0.02401740683751314,0.4454545454545455,0.023399159411334098
