{
  "source": "data\\raw\\PROMISE-relabeled-NICE.csv",
  "model_name": "distilbert-base-uncased",
  "folds": 5,
  "epochs": 2,
  "batch_size": 16,
  "max_length": 128,
  "learning_rate": 5e-05,
  "use_pos_weight": true,
  "calibration": "per_label",
  "seed": 42,
  "device": "cpu",
  "labels": [
    "availability",
    "fault_tolerance",
    "legal",
    "look_and_feel",
    "maintainability",
    "operability",
    "performance",
    "portability",
    "scalability",
    "security",
    "usability"
  ],
  "diagnostics": {
    "1": {
      "epoch_losses": [
        1.1978459879755974,
        1.0797802545130253
      ],
      "pos_weight": [
        10.571428571428571,
        20.0,
        11.789473684210526,
        4.282608695652174,
        10.571428571428571,
        5.394736842105263,
        5.394736842105263,
        15.2,
        11.789473684210526,
        3.86,
        3.5
      ],
      "threshold_detail": [
        0.55,
        0.5,
        0.6000000000000001,
        0.5,
        0.5,
        0.5,
        0.6000000000000001,
        0.7000000000000001,
        0.6500000000000001,
        0.5,
        0.5
      ]
    },
    "2": {
      "epoch_losses": [
        1.190640214830637,
        1.0791288651525974
      ],
      "pos_weight": [
        9.166666666666666,
        20.0,
        10.619047619047619,
        4.4222222222222225,
        12.555555555555555,
        5.256410256410256,
        4.951219512195122,
        15.266666666666667,
        11.842105263157896,
        4.083333333333333,
        3.5185185185185186
      ],
      "threshold_detail": [
        0.55,
        0.5,
        0.55,
        0.55,
        0.55,
        0.6500000000000001,
        0.55,
        0.6500000000000001,
        0.6500000000000001,
        0.55,
        0.5
      ]
    },
    "3": {
      "epoch_losses": [
        1.1941667720675468,
        1.0616331957280636
      ],
      "pos_weight": [
        7.714285714285714,
        20.0,
        11.842105263157896,
        4.674418604651163,
        10.619047619047619,
        5.421052631578948,
        4.674418604651163,
        16.428571428571427,
        12.555555555555555,
        4.083333333333333,
        3.4363636363636365
      ],
      "threshold_detail": [
        0.5,
        0.5,
        0.6000000000000001,
        0.55,
        0.55,
        0.5,
        0.6000000000000001,
        0.6000000000000001,
        0.6500000000000001,
        0.55,
        0.5
      ]
    },
    "4": {
      "epoch_losses": [
        1.2192592732608318,
        1.1388956904411316
      ],
      "pos_weight": [
        7.714285714285714,
        19.333333333333332,
        11.2,
        4.545454545454546,
        10.619047619047619,
        5.594594594594595,
        5.256410256410256,
        16.428571428571427,
        12.555555555555555,
        3.979591836734694,
        3.6923076923076925
      ],
      "threshold_detail": [
        0.55,
        0.55,
        0.55,
        0.55,
        0.5,
        0.5,
        0.55,
        0.55,
        0.5,
        0.55,
        0.5
      ]
    },
    "5": {
      "epoch_losses": [
        1.2021092884242535,
        1.1145509518682957
      ],
      "pos_weight": [
        10.090909090909092,
        20.0,
        11.2,
        4.304347826086956,
        10.090909090909092,
        5.9714285714285715,
        4.951219512195122,
        16.428571428571427,
        13.352941176470589,
        3.88,
        3.280701754385965
      ],
      "threshold_detail": [
        0.55,
        0.55,
        0.6000000000000001,
        0.55,
        0.55,
        0.6000000000000001,
        0.6000000000000001,
        0.7000000000000001,
        0.6500000000000001,
        0.55,
        0.5
      ]
    }
  }
}