model,micro_f1_mean,micro_f1_std,macro_f1_mean,macro_f1_std,weighted_f1_mean,weighted_f1_std,hamming_loss_mean,hamming_loss_std,label_ranking_average_precision_mean,label_ranking_average_precision_std,threshold_mean
hybrid_alpha_0_30,0.6880643645497672,0.03248782205128317,0.6112169680666713,0.030093802848374873,0.6700321336005847,0.028946046406397155,0.07493320077052135,0.007604151386679602,0.80450506554659,0.0268066694893894,0.45
hybrid_alpha_0_15,0.6869664003187317,0.03146510020323366,0.6097297614951339,0.02982429891045792,0.669039465415812,0.02818387090413857,0.07468775243894862,0.00719408124592821,0.8084778560184406,0.028022361004533827,0.45
hybrid_alpha_0_50,0.6852821885552635,0.039396818816689924,0.603961956949496,0.028047180280889088,0.6640635803543298,0.034109913646339356,0.07566333188342758,0.008998896463037956,0.8007058320404186,0.024953571750626305,0.45
svm_only_sublinear_tfidf,0.671315305113821,0.05534089171685415,0.5944705050259251,0.04085822829139511,0.6554129925310131,0.047681246416868814,0.08425713042937923,0.026299255500718235,0.8081415253501723,0.029077984718929757,0.44000000000000006
positive_projection_with_interference,0.5930535038733259,0.016591056557944704,0.5489867763981006,0.023731503802888437,0.5935954316259536,0.013796073308814046,0.1095724849313366,0.0212869007141378,0.7829829375929002,0.030430807625432578,0.78
contrastive_projection_no_interference,0.5447445695328132,0.04196001625991208,0.5396796798482608,0.03979108403439609,0.5777041052866175,0.04153705038296669,0.13387497669794318,0.009974879625410375,0.7183136714523422,0.052274610560484124,0.45
contrastive_projection_with_interference,0.49241101432443435,0.053661816334014026,0.5143686587119177,0.03874669038873902,0.5408455037020338,0.04678574555400252,0.17509476169763252,0.03517225794421928,0.7185494882671064,0.05380381479898166,0.45
