model,micro_f1_mean,micro_f1_std,macro_f1_mean,macro_f1_std,weighted_f1_mean,weighted_f1_std,hamming_loss_mean,hamming_loss_std,label_ranking_average_precision_mean,label_ranking_average_precision_std,threshold_mean
hybrid_alpha_0_15,0.6739184495997741,0.04322218937827835,0.5999564501531174,0.03178520246021157,0.6582180487827766,0.03923104956655276,0.07418132107127323,0.00992267258741051,0.8075301675331582,0.02591006288011892,0.49000000000000005
svm_only_sublinear_tfidf,0.671315305113821,0.05534089171685415,0.5944705050259251,0.04085822829139511,0.6554129925310131,0.047681246416868814,0.08425713042937923,0.026299255500718235,0.8081415253501723,0.029077984718929757,0.44000000000000006
hybrid_alpha_0_50,0.6501321105520986,0.054394086223854755,0.5865383910262016,0.04428918491214542,0.6399094955819385,0.05436414204522878,0.08182439569999381,0.011864006510501993,0.7932747508529294,0.037441520885804165,0.54
hybrid_alpha_0_30,0.6442469146150586,0.05973228676810919,0.5760502608304289,0.0469507679513862,0.6307123138044612,0.06024331061244952,0.07585906916050456,0.008547083751816564,0.8029095860469753,0.029425035212845008,0.53
contrastive_projection_with_interference,0.6145363839244569,0.04925518571507786,0.5601517302492132,0.0416413408291959,0.609265255749324,0.049563703128900065,0.08730814639905549,0.011647715927554779,0.7775389466960726,0.032041305188403986,0.6400000000000002
positive_projection_with_interference,0.5930535038733259,0.016591056557944704,0.5489867763981006,0.023731503802888437,0.5935954316259536,0.013796073308814046,0.1095724849313366,0.0212869007141378,0.7829829375929002,0.030430807625432578,0.78
contrastive_projection_no_interference,0.5995437579266552,0.03532543372293406,0.5444945556312558,0.03634775921284872,0.5898837801330339,0.037635642440706996,0.08779593612129497,0.008893334101229982,0.7783064905557218,0.03277665734306688,0.6500000000000001
