explainer,top_k,random_trials,evaluated_label_assignments,mean_base_score,mean_top_deleted_score,mean_random_deleted_score,mean_top_score_drop,mean_random_score_drop,drop_ratio_top_vs_random
projection_intrinsic,3,50,158,0.6577491476971387,0.5412832180506286,0.6434891562098201,0.11646592964651008,0.014259991487318636,8.167321120078006
svm_tfidf_coefficients,3,50,158,0.4924640633938343,0.40580834764269214,0.4712725417078186,0.08665571575114224,0.021191521686015756,4.08916910428033
